minute;temporal fraction
0;0.5640293198232187
29;0.4359706801767813
