minute;temporal fraction
0;0.5733720010545742
29;0.4266279989454258
