minute;temporal fraction
0;0.4758053270115744
9;0.5241946729884256
