minute;temporal fraction
0;0.49177059042211635
9;0.5082294095778837
