minute;temporal fraction
0;0.5178704821007872
27;0.48212951789921277
