minute;temporal fraction
0;0.5193689695650929
27;0.48063103043490707
