minute;temporal fraction
0;0.959484100511452
25;0.04051589948854792
