minute;temporal fraction
0;0.9555751432349052
25;0.04442485676509476
